﻿<?xml version="1.0" encoding="UTF-8" ?>
<Mascot xmlns="http://www.group-finity.com/Mascot" xmlns:xsi="http://www.w3.org/2001/XMLSchema-instance"
	xsi:schemaLocation="http://www.group-finity.com/Mascot Mascot.xsd">

	<ActionList>
		<Action Name="Look" Type="Embedded" Class="com.group_finity.mascot.action.Look" />
		<Action Name="Offset" Type="Embedded" Class="com.group_finity.mascot.action.Offset" />

		<!-- Standing -->

		<Action Name="Stand" Type="Stay" BorderType="Floor">
			<Animation>
				<Pose Image="/shime1.png" ImageAnchor="64,128" Velocity="0,0" Duration="250" />
			</Animation>
		</Action>
		
		<Action Name="StandBlink" Type="Animate" BorderType="Floor">
			<Animation>
				<Pose Image="/shime1blink.png" ImageAnchor="64,128" Velocity="0,0" Duration="3" />
			</Animation>
		</Action>

		<Action Name="Walk" Type="Move" BorderType="Floor">
			<Animation>
				<Pose Image="/shime2.png" ImageAnchor="64,128" Velocity="-2,0" Duration="6" />
				<Pose Image="/shime3.png" ImageAnchor="64,128" Velocity="-2,0" Duration="6" />
				<Pose Image="/shime2a.png" ImageAnchor="64,128" Velocity="-2,0" Duration="6" />
				<Pose Image="/shime3a.png" ImageAnchor="64,128" Velocity="-2,0" Duration="6" />
			</Animation>
		</Action>

		<Action Name="Run" Type="Move" BorderType="Floor">
			<Animation>
				<Pose Image="/shime2.png" ImageAnchor="64,128" Velocity="-4,0" Duration="5" />
				<Pose Image="/shime3.png" ImageAnchor="64,128" Velocity="-4,0" Duration="5" />
				<Pose Image="/shime2a.png" ImageAnchor="64,128" Velocity="-4,0" Duration="5" />
				<Pose Image="/shime3a.png" ImageAnchor="64,128" Velocity="-4,0" Duration="5" />
			</Animation>
		</Action>

		<Action Name="Dash" Type="Move" BorderType="Floor">
			<Animation>
				<Pose Image="/shime59a.png" ImageAnchor="64,128" Velocity="-10,0" Duration="4" />
				<Pose Image="/shime59b.png" ImageAnchor="64,128" Velocity="-10,0" Duration="4" />
				<Pose Image="/shime59c.png" ImageAnchor="64,128" Velocity="-10,0" Duration="4" />
				<Pose Image="/shime59.png" ImageAnchor="64,128" Velocity="-10,0" Duration="12" />
			</Animation>
		</Action>
		
		<Action Name="Dance" Type="Stay" BorderType="Floor">
			<Animation>
				<Pose Image="/shime90.png" ImageAnchor="64,128" Velocity="0,0" Duration="6" />
				<Pose Image="/shime91.png" ImageAnchor="64,128" Velocity="0,0" Duration="6" />
				<Pose Image="/shime92.png" ImageAnchor="64,128" Velocity="0,0" Duration="6" />
				<Pose Image="/shime93.png" ImageAnchor="64,128" Velocity="0,0" Duration="6" />
			</Animation>
		</Action>
		
		<Action Name="PenShowOff" Type="Animate" BorderType="Floor">
			<Animation>
				<Pose Image="/shime139.png" ImageAnchor="64,128" Velocity="0,0" Duration="3" />
				<Pose Image="/shime140.png" ImageAnchor="64,128" Velocity="0,0" Duration="3" />
				<Pose Image="/shime141.png" ImageAnchor="64,128" Velocity="0,0" Duration="3" />
				<Pose Image="/shime140.png" ImageAnchor="64,128" Velocity="0,0" Duration="3" />
				<Pose Image="/shime141.png" ImageAnchor="64,128" Velocity="0,0" Duration="3" />
				<Pose Image="/shime142.png" ImageAnchor="64,128" Velocity="0,0" Duration="3" />
				<Pose Image="/shime143.png" ImageAnchor="64,128" Velocity="0,0" Duration="20" />
				<Pose Image="/shime144.png" ImageAnchor="64,128" Velocity="0,0" Duration="3" />
				<Pose Image="/shime143.png" ImageAnchor="64,128" Velocity="0,0" Duration="5" />
				<Pose Image="/shime144.png" ImageAnchor="64,128" Velocity="0,0" Duration="3" />
				<Pose Image="/shime143.png" ImageAnchor="64,128" Velocity="0,0" Duration="20" />
				<Pose Image="/shime145.png" ImageAnchor="64,128" Velocity="0,0" Duration="3" />
			</Animation>
		</Action>
		
		<Action Name="PenClicky" Type="Stay" BorderType="Floor">
			<Animation>
				<Pose Image="/shime146.png" ImageAnchor="64,128" Velocity="0,0" Duration="3" />
				<Pose Image="/shime147.png" ImageAnchor="64,128" Velocity="0,0" Duration="4" />
				<Pose Image="/shime148.png" ImageAnchor="64,128" Velocity="0,0" Duration="3" />
				<Pose Image="/shime149.png" ImageAnchor="64,128" Velocity="0,0" Duration="4" />
			</Animation>
		</Action>
		
		<Action Name="Oops" Type="Animate" BorderType="Floor">
			<Animation>
				<Pose Image="/shime150.png" ImageAnchor="64,128" Velocity="0,0" Duration="4" />
			</Animation>
		</Action>
		
		<Action Name="Shock" Type="Animate" BorderType="Floor">
			<Animation>
				<Pose Image="/shime134.png" ImageAnchor="64,128" Velocity="0,0" Duration="2" />
				<Pose Image="/shime135.png" ImageAnchor="64,128" Velocity="0,0" Duration="3" />
				<Pose Image="/shime136.png" ImageAnchor="64,128" Velocity="0,0" Duration="20" />
				<Pose Image="/shime137.png" ImageAnchor="64,128" Velocity="0,0" Duration="12" />
				<Pose Image="/shime138.png" ImageAnchor="64,128" Velocity="0,0" Duration="20" />
				<Pose Image="/shime134.png" ImageAnchor="64,128" Velocity="0,0" Duration="3" />
			</Animation>
		</Action>
		
		<Action Name="WideStance" Type="Animate" BorderType="Floor">
			<Animation>
				<Pose Image="/shime151.png" ImageAnchor="64,128" Velocity="0,0" Duration="3" />
				<Pose Image="/shime152.png" ImageAnchor="64,128" Velocity="0,0" Duration="3" />
			</Animation>
		</Action>
		
		<Action Name="WideStanceStand" Type="Stay" BorderType="Floor">
			<Animation>
				<Pose Image="/shime153.png" ImageAnchor="64,128" Velocity="0,0" Duration="250" />
			</Animation>
		</Action>
		
		<Action Name="WideStanceEnd" Type="Animate" BorderType="Floor">
			<Animation>
				<Pose Image="/shime154.png" ImageAnchor="64,128" Velocity="0,0" Duration="3" />
			</Animation>
		</Action>
		
		<Action Name="ErmActually" Type="Animate" BorderType="Floor">
			<Animation>
				<Pose Image="/shime155.png" ImageAnchor="64,128" Velocity="0,0" Duration="3" />
			</Animation>
		</Action>
		
		<Action Name="ErmActuallyStand" Type="Stay" BorderType="Floor">
			<Animation>
				<Pose Image="/shime156.png" ImageAnchor="64,128" Velocity="0,0" Duration="250" />
			</Animation>
		</Action>
		
		<Action Name="ErmActuallyEnd" Type="Animate" BorderType="Floor">
			<Animation>
				<Pose Image="/shime157.png" ImageAnchor="64,128" Velocity="0,0" Duration="3" />
			</Animation>
		</Action>
		
		<Action Name="EldritchDance" Type="Stay" BorderType="Floor">
			<Animation>
				<Pose Image="/shime94.png" ImageAnchor="64,128" Velocity="0,0" Duration="6" />
				<Pose Image="/shime95.png" ImageAnchor="64,128" Velocity="0,0" Duration="6" />
				<Pose Image="/shime96.png" ImageAnchor="64,128" Velocity="0,0" Duration="6" />
				<Pose Image="/shime97.png" ImageAnchor="64,128" Velocity="0,0" Duration="6" />
			</Animation>
		</Action>
		
		<Action Name="StandCross" Type="Stay" BorderType="Floor">
			<Animation>
				<Pose Image="/shime86.png" ImageAnchor="64,128" Velocity="0,0" Duration="250" />
			</Animation>
		</Action>
		
		<Action Name="StandLookingL" Type="Stay" BorderType="Floor">
			<Animation>
				<Pose Image="/shime87.png" ImageAnchor="64,128" Velocity="0,0" Duration="250" />
			</Animation>
		</Action>
		
		<Action Name="StandLookingR" Type="Stay" BorderType="Floor">
			<Animation>
				<Pose Image="/shime88.png" ImageAnchor="64,128" Velocity="0,0" Duration="250" />
			</Animation>
		</Action>
		
		<Action Name="StandLookingDR" Type="Stay" BorderType="Floor">
			<Animation>
				<Pose Image="/shime89.png" ImageAnchor="64,128" Velocity="0,0" Duration="250" />
			</Animation>
		</Action>
		
		<Action Name="StandCrossBlink" Type="Animate" BorderType="Floor">
			<Animation>
				<Pose Image="/shime85.png" ImageAnchor="64,128" Velocity="0,0" Duration="3" />
			</Animation>
		</Action>

		<!-- Sitting -->

		<Action Name="Sit" Type="Stay" BorderType="Floor">
			<Animation>
				<Pose Image="/shime11.png" ImageAnchor="64,128" Velocity="0,0" Duration="250" />
				
				<Hotspot Shape="Ellipse" Origin="45,25" Size="50,35" Behavior="SitBonk" />
			</Animation>
		</Action>
		
		<Action Name="SitAndBlink" Type="Animate" BorderType="Floor">
			<Animation>
				<Pose Image="/shime11blink.png" ImageAnchor="64,128" Velocity="0,0" Duration="3" />
				
				<Hotspot Shape="Ellipse" Origin="45,25" Size="50,35" Behavior="SitBonk" />
			</Animation>
		</Action>
		
		<Action Name="SitAndBlink2" Type="Animate" BorderType="Floor">
			<Animation>
				<Pose Image="/shime11blink2.png" ImageAnchor="64,128" Velocity="0,0" Duration="3" />
				
				<Hotspot Shape="Ellipse" Origin="45,25" Size="50,35" Behavior="SitBonk" />
			</Animation>
		</Action>
		
		<Action Name="SitBoink" Type="Stay" BorderType="Floor">
			<Animation>
				<Pose Image="/shime98.png" ImageAnchor="64,128" Velocity="0,0" Duration="250" />
				
				<Hotspot Shape="Ellipse" Origin="45,25" Size="50,35" Behavior="SitBonk" />
			</Animation>
		</Action>
		
		<Action Name="SitWaveHand" Type="Animate" BorderType="Floor">
			<Animation>
				<Pose Image="/shime100.png" ImageAnchor="64,128" Velocity="0,0" Duration="3" />
				<Pose Image="/shime102.png" ImageAnchor="64,128" Velocity="0,0" Duration="4" />
				<Pose Image="/shime101.png" ImageAnchor="64,128" Velocity="0,0" Duration="4" />
				<Pose Image="/shime102.png" ImageAnchor="64,128" Velocity="0,0" Duration="9" />
				
				<Hotspot Shape="Ellipse" Origin="45,25" Size="50,35" Behavior="SitBonk" />
			</Animation>
		</Action>
		
		<Action Name="ThisIsFineYep" Type="Animate" BorderType="Floor">
			<Animation>
				<Pose Image="/shime120.png" ImageAnchor="64,128" Velocity="0,0" Duration="3" />
				<Pose Image="/shime121.png" ImageAnchor="64,128" Velocity="0,0" Duration="15" />
				<Pose Image="/shime122.png" ImageAnchor="64,128" Velocity="0,0" Duration="3" />
				<Pose Image="/shime123.png" ImageAnchor="64,128" Velocity="0,0" Duration="4" />
				<Pose Image="/shime124.png" ImageAnchor="64,128" Velocity="0,0" Duration="3" />
				<Pose Image="/shime121.png" ImageAnchor="64,128" Velocity="0,0" Duration="30" />
				
				<Hotspot Shape="Ellipse" Origin="45,25" Size="50,35" Behavior="SitBonk" />
			</Animation>
		</Action>
		
		<Action Name="SitMad" Type="Stay" BorderType="Floor">
			<Animation>
				<Pose Image="/shime103.png" ImageAnchor="64,128" Velocity="0,0" Duration="3" />
				<Pose Image="/shime104.png" ImageAnchor="64,128" Velocity="0,0" Duration="500" />
				
				<Hotspot Shape="Ellipse" Origin="45,25" Size="50,35" Behavior="SitBonk" />
			</Animation>
		</Action>
		
		<Action Name="SitLookAtYou" Type="Stay" BorderType="Floor">
			<Animation>
				<Pose Image="/shime105.png" ImageAnchor="64,128" Velocity="0,0" Duration="3" />
				<Pose Image="/shime106.png" ImageAnchor="64,128" Velocity="0,0" Duration="500" />
				
				<Hotspot Shape="Ellipse" Origin="45,25" Size="50,35" Behavior="SitBonk" />
			</Animation>
		</Action>
		
		<Action Name="SitGlareLookAway" Type="Stay" BorderType="Floor">
			<Animation>
				<Pose Image="/shime107.png" ImageAnchor="64,128" Velocity="0,0" Duration="3" />
				<Pose Image="/shime108.png" ImageAnchor="64,128" Velocity="0,0" Duration="500" />
				
				<Hotspot Shape="Ellipse" Origin="45,25" Size="50,35" Behavior="SitBonk" />
			</Animation>
		</Action>
		
		<Action Name="SitWriting" Type="Stay" BorderType="Floor">
			<Animation>
				<Pose Image="/shime51.png" ImageAnchor="64,128" Velocity="0,0" Duration="6" />
				<Pose Image="/shime52.png" ImageAnchor="64,128" Velocity="0,0" Duration="6" />
				<Pose Image="/shime53.png" ImageAnchor="64,128" Velocity="0,0" Duration="6" />
				<Pose Image="/shime54.png" ImageAnchor="64,128" Velocity="0,0" Duration="6" />
				
				<Hotspot Shape="Ellipse" Origin="45,25" Size="50,35" Behavior="SitBonk" />
			</Animation>
		</Action>
		<Action Name="SitWritingWag" Type="Stay" BorderType="Floor">
			<Animation>
				<Pose Image="/shime51a.png" ImageAnchor="64,128" Velocity="0,0" Duration="6" />
				<Pose Image="/shime52a.png" ImageAnchor="64,128" Velocity="0,0" Duration="6" />
				<Pose Image="/shime53a.png" ImageAnchor="64,128" Velocity="0,0" Duration="6" />
				<Pose Image="/shime54a.png" ImageAnchor="64,128" Velocity="0,0" Duration="6" />
				
				<Hotspot Shape="Ellipse" Origin="45,25" Size="50,35" Behavior="SitBonk" />
			</Animation>
		</Action>
		<Action Name="SitRead" Type="Stay" BorderType="Floor">
			<Animation>
				<Pose Image="/shime55.png" ImageAnchor="64,128" Velocity="0,0" Duration="1" />
				
				<Hotspot Shape="Ellipse" Origin="45,25" Size="50,35" Behavior="SitBonk" />
			</Animation>
		</Action>
		<Action Name="SitReadThink" Type="Stay" BorderType="Floor">
			<Animation>
				<Pose Image="/shime55a.png" ImageAnchor="64,128" Velocity="0,0" Duration="1" />
				
				<Hotspot Shape="Ellipse" Origin="45,25" Size="50,35" Behavior="SitBonk" />
			</Animation>
		</Action>
		<Action Name="SitBlink" Type="Animate" BorderType="Floor">
			<Animation>
				<Pose Image="/shime51b.png" ImageAnchor="64,128" Velocity="0,0" Duration="3" />
				
				<Hotspot Shape="Ellipse" Origin="45,25" Size="50,35" Behavior="SitBonk" />
			</Animation>
		</Action>
		<Action Name="SitLookUpFromTrans" Type="Animate" BorderType="Floor">
			<Animation>
				<Pose Image="/shime56.png" ImageAnchor="64,128" Velocity="0,0" Duration="4" />
				
				<Hotspot Shape="Ellipse" Origin="45,25" Size="50,35" Behavior="SitBonk" />
			</Animation>
		</Action>
		<Action Name="SitLookUpFrom" Type="Stay" BorderType="Floor">
			<Animation>
				<Pose Image="/shime57.png" ImageAnchor="64,128" Velocity="0,0" Duration="1" />
				
				<Hotspot Shape="Ellipse" Origin="45,25" Size="50,35" Behavior="SitBonk" />
			</Animation>
		</Action>
		<Action Name="SitLookUpThinkTrans" Type="Animate" BorderType="Floor">
			<Animation>
				<Pose Image="/shime56a.png" ImageAnchor="64,128" Velocity="0,0" Duration="4" />
				
				<Hotspot Shape="Ellipse" Origin="45,25" Size="50,35" Behavior="SitBonk" />
			</Animation>
		</Action>
		<Action Name="SitLookUpThink" Type="Stay" BorderType="Floor">
			<Animation>
				<Pose Image="/shime57a.png" ImageAnchor="64,128" Velocity="0,0" Duration="1" />
				
				<Hotspot Shape="Ellipse" Origin="45,25" Size="50,35" Behavior="SitBonk" />
			</Animation>
		</Action>
		<Action Name="SitUpBlink" Type="Animate" BorderType="Floor">
			<Animation>
				<Pose Image="/shime58.png" ImageAnchor="64,128" Velocity="0,0" Duration="3" />
				
				<Hotspot Shape="Ellipse" Origin="45,25" Size="50,35" Behavior="SitBonk" />
			</Animation>
		</Action>
		
		<Action Name="SitAndLookUp" Type="Stay" BorderType="Floor">
			<Animation>
				<Pose Image="/shime26.png" ImageAnchor="64,128" Velocity="0,0" Duration="250" />
				
				<Hotspot Shape="Ellipse" Origin="45,25" Size="50,35" Behavior="SitBonk" />
			</Animation>
		</Action>
		
		<Action Name="SitAndLookAtMouse" Type="Stay" BorderType="Floor">
			<Animation Condition="#{mascot.environment.cursor.y &lt; mascot.environment.screen.height/2.5 
			&amp;&amp; mascot.anchor.x &lt; mascot.environment.cursor.x}">
				<Pose Image="/shime26.png" ImageRight="/shime15a.png" ImageAnchor="64,128" Velocity="0,0" Duration="250" />
				
				<Hotspot Shape="Ellipse" Origin="45,25" Size="50,35" Behavior="SitBonk" />
			</Animation>
			<Animation Condition="#{mascot.environment.cursor.y &lt; mascot.environment.screen.height/1.5 
			 &amp;&amp; mascot.anchor.x &lt; mascot.environment.cursor.x }">
				<Pose Image="/shime27.png" ImageRight="/shime16a.png" ImageAnchor="64,128" Velocity="0,0" Duration="250" />
				
				<Hotspot Shape="Ellipse" Origin="45,25" Size="50,35" Behavior="SitBonk" />
			</Animation>
			<Animation Condition="#{mascot.anchor.x &lt; mascot.environment.cursor.x}">
				<Pose Image="/shime28.png" ImageRight="/shime17a.png" ImageAnchor="64,128" Velocity="0,0" Duration="250" />
				
				<Hotspot Shape="Ellipse" Origin="45,25" Size="50,35" Behavior="SitBonk" />
			</Animation>
			
			<Animation Condition="#{mascot.environment.cursor.y &lt; mascot.environment.screen.height/2.5
			 &amp;&amp; mascot.anchor.x &gt; mascot.environment.cursor.x}">
				<Pose Image="/shime15.png" ImageRight="/shime26a.png" ImageAnchor="64,128" Velocity="0,0" Duration="250" />
				
				<Hotspot Shape="Ellipse" Origin="45,25" Size="50,35" Behavior="SitBonk" />
			</Animation>
			<Animation Condition="#{mascot.environment.cursor.y &lt; mascot.environment.screen.height/1.5
			 &amp;&amp; mascot.anchor.x &gt; mascot.environment.cursor.x}">
				<Pose Image="/shime16.png" ImageRight="/shime27a.png" ImageAnchor="64,128" Velocity="0,0" Duration="250" />
				
				<Hotspot Shape="Ellipse" Origin="45,25" Size="50,35" Behavior="SitBonk" />
			</Animation>
			<Animation Condition="#{mascot.anchor.x &gt; mascot.environment.cursor.x}">
				<Pose Image="/shime17.png" ImageRight="/shime28a.png" ImageAnchor="64,128" Velocity="0,0" Duration="250" />
				
				<Hotspot Shape="Ellipse" Origin="45,25" Size="50,35" Behavior="SitBonk" />
			</Animation>
			 
			<!-- default -->
			<Animation>
				<Pose Image="/shime11a.png" ImageRight="/shime11b.png" ImageAnchor="64,128" Velocity="0,0" Duration="250" />
				
				<Hotspot Shape="Ellipse" Origin="45,25" Size="50,35" Behavior="SitBonk" />
			</Animation>
			
		</Action>

		<Action Name="SitAndSpinHeadAction" Type="Animate" BorderType="Floor">
			<Animation>
				<Pose Image="/shime29.png" ImageAnchor="64,128" Velocity="0,0" Duration="3" />
				<Pose Image="/shime29a.png" ImageAnchor="64,128" Velocity="0,0" Duration="3" />
				<Pose Image="/shime29b.png" ImageAnchor="64,128" Velocity="0,0" Duration="3" />
				
				<Hotspot Shape="Ellipse" Origin="45,25" Size="50,35" Behavior="SitBonk" />
			</Animation>
		</Action>
		
		<Action Name="SitAndSpin" Type="Stay" BorderType="Floor">
			<Animation>
				<Pose Image="/shime29c.png" ImageAnchor="64,128" Velocity="0,0" Duration="3" />
				<Pose Image="/shime29d.png" ImageAnchor="64,128" Velocity="0,0" Duration="3" />
				
				<Hotspot Shape="Ellipse" Origin="45,25" Size="50,35" Behavior="SitBonk" />
			</Animation>
		</Action>
		
		<Action Name="SitAndEndSpin" Type="Animate" BorderType="Floor">
			<Animation>
				<Pose Image="/shime29e.png" ImageAnchor="64,128" Velocity="0,0" Duration="3" />
				<Pose Image="/shime29f.png" ImageAnchor="64,128" Velocity="0,0" Duration="4" />
				<Pose Image="/shime29g.png" ImageAnchor="64,128" Velocity="0,0" Duration="4" />
				
				<Hotspot Shape="Ellipse" Origin="45,25" Size="50,35" Behavior="SitBonk" />
			</Animation>
		</Action>

		<!-- Laying -->

		<Action Name="Sprawl" Type="Stay" BorderType="Floor">
			<Animation>
				<Pose Image="/shime20.png" ImageAnchor="64,128" Velocity="0,0" Duration="250" />
			</Animation>
		</Action>
		
		<Action Name="CrabTransformBack" Type="Animate" BorderType="Floor">
			<Animation>
				<Pose Image="/shime109.png" ImageAnchor="64,128" Velocity="0,0" Duration="5" />
				<Pose Image="/shime110.png" ImageAnchor="64,128" Velocity="0,0" Duration="4" />
				<Pose Image="/shime111.png" ImageAnchor="64,128" Velocity="0,0" Duration="3" />
				<Pose Image="/shime112.png" ImageAnchor="64,128" Velocity="0,0" Duration="3" />
				<Pose Image="/shime113.png" ImageAnchor="64,128" Velocity="0,0" Duration="4" />
			</Animation>
		</Action>
		
		<Action Name="JStanding" Type="Stay" BorderType="Floor">
			<Animation>
				<Pose Image="/shime114.png" ImageAnchor="64,128" Velocity="0,0" Duration="250" />
			</Animation>
		</Action>
		
		<Action Name="JStandingLeftLook" Type="Stay" BorderType="Floor">
			<Animation>
				<Pose Image="/shime115.png" ImageAnchor="64,128" Velocity="0,0" Duration="250" />
			</Animation>
		</Action>
		
		<Action Name="JStandingRightLook" Type="Stay" BorderType="Floor">
			<Animation>
				<Pose Image="/shime116.png" ImageAnchor="64,128" Velocity="0,0" Duration="250" />
			</Animation>
		</Action>
		
		<Action Name="OhWell" Type="Animate" BorderType="Floor">
			<Animation>
				<Pose Image="/shime117.png" ImageAnchor="64,128" Velocity="0,0" Duration="4" />
				<Pose Image="/shime118.png" ImageAnchor="64,128" Velocity="0,0" Duration="3" />
				<Pose Image="/shime119.png" ImageAnchor="64,128" Velocity="0,0" Duration="3" />
			</Animation>
		</Action>

		<Action Name="Creep" Type="Move" BorderType="Floor">
			<Animation>
				<Pose Image="/shime21a.png" ImageAnchor="64,128" Velocity="-17,0" Duration="2" />
				<Pose Image="/shime21b.png" ImageAnchor="64,128" Velocity="-17,0" Duration="2" />
				<Pose Image="/shime21c.png" ImageAnchor="64,128" Velocity="-17,0" Duration="2" />
				<Pose Image="/shime21.png" ImageAnchor="64,128" Velocity="-17,0" Duration="2" />
			</Animation>
		</Action>

		<!-- Ceiling -->

		<Action Name="GrabCeiling" Type="Stay" BorderType="Ceiling">
			<Animation>
				<Pose Image="/shime61a.png" ImageAnchor="64,5" Velocity="0,0" Duration="4" />
				<Pose Image="/shime61b.png" ImageAnchor="64,5" Velocity="0,0" Duration="4" />
				<Pose Image="/shime61c.png" ImageAnchor="64,5" Velocity="0,0" Duration="5" />
				<Pose Image="/shime62.png" ImageAnchor="64,5" Velocity="0,0" Duration="7" />
				<Pose Image="/shime63.png" ImageAnchor="64,5" Velocity="0,0" Duration="7" />
				<Pose Image="/shime64.png" ImageAnchor="64,5" Velocity="0,0" Duration="7" />
				<Pose Image="/shime65.png" ImageAnchor="64,5" Velocity="0,0" Duration="7" />
				<Pose Image="/shime62.png" ImageAnchor="64,5" Velocity="0,0" Duration="7" />
				<Pose Image="/shime63.png" ImageAnchor="64,5" Velocity="0,0" Duration="7" />
				<Pose Image="/shime64.png" ImageAnchor="64,5" Velocity="0,0" Duration="7" />
				<Pose Image="/shime65.png" ImageAnchor="64,5" Velocity="0,0" Duration="7" />
				<Pose Image="/shime62.png" ImageAnchor="64,5" Velocity="0,0" Duration="7" />
				<Pose Image="/shime63.png" ImageAnchor="64,5" Velocity="0,0" Duration="7" />
				<Pose Image="/shime64.png" ImageAnchor="64,5" Velocity="0,0" Duration="7" />
			</Animation>
		</Action>
		
		<Action Name="ClimbCeiling" Type="Move" BorderType="Ceiling">
			<Animation>
				<Pose Image="/shime60.png" ImageAnchor="64,5" Velocity="-6,0" Duration="12" />
				<Pose Image="/shime60a.png" ImageAnchor="64,5" Velocity="-5,0" Duration="3" />
				<Pose Image="/shime60b.png" ImageAnchor="64,5" Velocity="-7,0" Duration="3" />
				<Pose Image="/shime60c.png" ImageAnchor="64,5" Velocity="-7,0" Duration="4" />
			</Animation>
		</Action>
		
		<Action Name="ClingToCeiling" Type="Animate" BorderType="Ceiling">
			<Animation>
				<Pose Image="/shime66.png" ImageAnchor="64,15" Velocity="0,0" Duration="2" />
				<Pose Image="/shime67.png" ImageAnchor="64,15" Velocity="0,0" Duration="2" />
				<Pose Image="/shime68.png" ImageAnchor="64,15" Velocity="0,0" Duration="4" />
				<Pose Image="/shime69.png" ImageAnchor="64,15" Velocity="0,0" Duration="4" />
				<Pose Image="/shime70.png" ImageAnchor="64,15" Velocity="0,0" Duration="3" />
				<Pose Image="/shime71.png" ImageAnchor="64,15" Velocity="0,0" Duration="4" />
			</Animation>
		</Action>
		
		<Action Name="HangFromCeiling" Type="Stay" BorderType="Ceiling">
			<Animation>
				<Pose Image="/shime72.png" ImageAnchor="64,15" Velocity="0,0" Duration="250" />
			</Animation>
		</Action>
		<Action Name="HangBlink" Type="Animate" BorderType="Ceiling">
			<Animation>
				<Pose Image="/shime73.png" ImageAnchor="64,15" Velocity="0,0" Duration="3" />
			</Animation>
		</Action>

		<Action Name="HangLooking" Type="Stay" BorderType="Ceiling">
			<Animation>
				<Pose Image="/shime82.png" ImageAnchor="64,15" Velocity="0,0" Duration="3" />
				<Pose Image="/shime83.png" ImageAnchor="64,15" Velocity="0,0" Duration="250" />
			</Animation>
		</Action>
		<Action Name="HangLookingBlink" Type="Animate" BorderType="Ceiling">
			<Animation>
				<Pose Image="/shime84.png" ImageAnchor="64,15" Velocity="0,0" Duration="3" />
			</Animation>
		</Action>
		
		<Action Name="HangLookingDown" Type="Stay" BorderType="Ceiling">
			<Animation>
				<Pose Image="/shime74.png" ImageAnchor="64,15" Velocity="0,0" Duration="3" />
				<Pose Image="/shime75.png" ImageAnchor="64,15" Velocity="0,0" Duration="250" />
			</Animation>
		</Action>
		<Action Name="HangLookingDownBlink" Type="Animate" BorderType="Ceiling">
			<Animation>
				<Pose Image="/shime76.png" ImageAnchor="64,15" Velocity="0,0" Duration="3" />
			</Animation>
		</Action>
		
		<Action Name="HangWriting" Type="Stay" BorderType="Ceiling">
			<Animation>
				<Pose Image="/shime77.png" ImageAnchor="64,15" Velocity="0,0" Duration="4" />
				<Pose Image="/shime78.png" ImageAnchor="64,15" Velocity="0,0" Duration="4" />
				<Pose Image="/shime79.png" ImageAnchor="64,15" Velocity="0,0" Duration="4" />
				<Pose Image="/shime80.png" ImageAnchor="64,15" Velocity="0,0" Duration="4" />
			</Animation>
		</Action>
		<Action Name="HangWritingBlink" Type="Animate" BorderType="Ceiling">
			<Animation>
				<Pose Image="/shime81.png" ImageAnchor="64,15" Velocity="0,0" Duration="3" />
			</Animation>
		</Action>

		<!-- Wall -->

		<Action Name="GrabWall" Type="Stay" BorderType="Wall">
			<Animation>
				<Pose Image="/shime12.png" ImageAnchor="64,128" Velocity="0,0" Duration="6" />
				<Pose Image="/shime12a.png" ImageAnchor="64,128" Velocity="0,0" Duration="6" />
				<Pose Image="/shime12b.png" ImageAnchor="64,128" Velocity="0,0" Duration="6" />
				<Pose Image="/shime12c.png" ImageAnchor="64,128" Velocity="0,0" Duration="6" />
			</Animation>
		</Action>
		<Action Name="ClimbWall" Type="Move" BorderType="Wall">
			<Animation Condition="#{TargetY &lt; mascot.anchor.y}">
				<Pose Image="/shime13.png" ImageAnchor="64,128" Velocity="0,-4" Duration="2" />
				<Pose Image="/shime13a.png" ImageAnchor="64,128" Velocity="0,-6" Duration="4" />
				<Pose Image="/shime13b.png" ImageAnchor="64,128" Velocity="0,-5" Duration="5" />
				<Pose Image="/shime13c.png" ImageAnchor="64,128" Velocity="0,-4" Duration="12" />
				<Pose Image="/shime13c.png" ImageAnchor="64,128" Velocity="0,-3" Duration="12" />
			</Animation>

			<Animation Condition="#{TargetY &gt;= mascot.anchor.y}">
				<Pose Image="/shime14.png" ImageAnchor="64,128" Velocity="0,5" Duration="6" />
				<Pose Image="/shime14a.png" ImageAnchor="64,128" Velocity="0,5" Duration="6" />
			</Animation>
		</Action>

		<!-- IE -->
		
		<Action Name="NoticeIe" Type="Animate" BorderType="Floor">
			<Animation>
				<Pose Image="/shime47.png" ImageAnchor="64,128" Velocity="0,0" Duration="2" />
				<Pose Image="/shime48.png" ImageAnchor="64,128" Velocity="0,0" Duration="2" />
				<Pose Image="/shime49.png" ImageAnchor="64,128" Velocity="0,0" Duration="15" />
				<Pose Image="/shime50.png" ImageAnchor="64,128" Velocity="0,0" Duration="2" />
			</Animation>
		</Action>

		<Action Name="FallWithIe" Type="Embedded" Class="com.group_finity.mascot.action.FallWithIE"
			 IeOffsetX="7" IeOffsetY="-31">
			<Animation>
				<Pose Image="/shime34a.png" ImageAnchor="64,128" Velocity="0,0" Duration="4" />
				<Pose Image="/shime34b.png" ImageAnchor="64,128" Velocity="0,0" Duration="4" />
			</Animation>
		</Action>
		<Action Name="WalkWithIe" BorderType="Floor" Type="Embedded" Class="com.group_finity.mascot.action.WalkWithIE"
			 IeOffsetX="7" IeOffsetY="-31">
			<Animation>
				<Pose Image="/shime34.png" ImageAnchor="64,128" Velocity="-2,0" Duration="6" />
				<Pose Image="/shime35.png" ImageAnchor="64,128" Velocity="-2,0" Duration="6" />
				<Pose Image="/shime36.png" ImageAnchor="64,128" Velocity="-2,0" Duration="6" />
				<Pose Image="/shime36a.png" ImageAnchor="64,128" Velocity="-2,0" Duration="6" />
			</Animation>
		</Action>
		<Action Name="RunWithIe" BorderType="Floor" Type="Embedded" Class="com.group_finity.mascot.action.WalkWithIE"
			 IeOffsetX="7" IeOffsetY="-31">
			<Animation>
				<Pose Image="/shime34.png" ImageAnchor="64,128" Velocity="-4,0" Duration="4" />
				<Pose Image="/shime35.png" ImageAnchor="64,128" Velocity="-4,0" Duration="4" />
				<Pose Image="/shime36.png" ImageAnchor="64,128" Velocity="-4,0" Duration="4" />
				<Pose Image="/shime36a.png" ImageAnchor="64,128" Velocity="-4,0" Duration="4" />
			</Animation>
		</Action>
		<Action Name="ThrowIe" BorderType="Floor" Type="Embedded" Class="com.group_finity.mascot.action.ThrowIE"
			InitialVX="32" InitialVY="-10" Gravity="0.5">
			<Animation>
				<Pose Image="/shime37.png" ImageAnchor="64,128" Velocity="0,0" Duration="2" />
				<Pose Image="/shime37a.png" ImageAnchor="64,128" Velocity="0,0" Duration="3" />
				<Pose Image="/shime37b.png" ImageAnchor="64,128" Velocity="0,0" Duration="5" />
				<Pose Image="/shime37c.png" ImageAnchor="64,128" Velocity="0,0" Duration="15" />
				<Pose Image="/shime37d.png" ImageAnchor="64,128" Velocity="0,0" Duration="15" />
			</Animation>
		</Action>
		
		<Action Name="ThrowIePause" BorderType="Floor" Type="Animate">
			<Animation>
				<Pose Image="/shime37e.png" ImageAnchor="64,128" Velocity="0,0" Duration="15" />
				<Pose Image="/shime37f.png" ImageAnchor="64,128" Velocity="0,0" Duration="3" />
			</Animation>
		</Action>

		<!-- Falling -->

		<Action Name="Jumping" Type="Embedded" Class="com.group_finity.mascot.action.Jump"
			VelocityParam="20">
			<Animation>
				<Pose Image="/shime22.png" ImageAnchor="64,128" Velocity="0,0" Duration="3" />
				<Pose Image="/shime22a.png" ImageAnchor="64,128" Velocity="0,0" Duration="3" />
			</Animation>
		</Action>

		<Action Name="Falling" Type="Embedded" Class="com.group_finity.mascot.action.Fall"
			RegistanceX="0.05" RegistanceY="0.1" Gravity="4">
			<Animation>
				<Pose Image="/shime4.png" ImageAnchor="64,128" Velocity="0,0" Duration="4" />
				<Pose Image="/shime4a.png" ImageAnchor="64,128" Velocity="0,0" Duration="4" />
			</Animation>
		</Action>

		<Action Name="Bouncing" Type="Animate" BorderType="Floor">
			<Animation>
				<Pose Image="/shime18.png" ImageAnchor="64,128" Velocity="0,0" Duration="2" />
				<Pose Image="/shime19.png" ImageAnchor="64,128" Velocity="0,0" Duration="3" />
				<Pose Image="/shime19a.png" ImageAnchor="64,128" Velocity="0,0" Duration="4" />
				<Pose Image="/shime19b.png" ImageAnchor="64,128" Velocity="0,0" Duration="6" />
				<Pose Image="/shime19c.png" ImageAnchor="64,128" Velocity="0,0" Duration="5" />
				<Pose Image="/shime19d.png" ImageAnchor="64,128" Velocity="0,0" Duration="3" />
				<Pose Image="/shime19e.png" ImageAnchor="64,128" Velocity="0,0" Duration="2" />
				<Pose Image="/shime19f.png" ImageAnchor="64,128" Velocity="0,0" Duration="3" />
			</Animation>
		</Action>

		<Action Name="Tripping" Type="Animate" BorderType="Floor">
			<Animation>
				<Pose Image="/shime126.png" ImageAnchor="64,128" Velocity="-10,0" Duration="4" />
				<Pose Image="/shime127.png" ImageAnchor="64,128" Velocity="-10,0" Duration="3" />
				<Pose Image="/shime128.png" ImageAnchor="64,128" Velocity="-8,0" Duration="3" />
				<Pose Image="/shime129.png" ImageAnchor="64,128" Velocity="-5,0" Duration="4" />
				<Pose Image="/shime130.png" ImageAnchor="64,128" Velocity="-3,0" Duration="5" />
				<Pose Image="/shime131.png" ImageAnchor="64,128" Velocity="-1,0" Duration="5" />
				<Pose Image="/shime132.png" ImageAnchor="64,128" Velocity="0,0" Duration="4" />
				<Pose Image="/shime133.png" ImageAnchor="64,128" Velocity="0,0" Duration="3" />
			</Animation>
		</Action>


		<!-- Dragging -->

		<Action Name="Pinched" Type="Embedded" Class="com.group_finity.mascot.action.Dragged">
			<Animation Condition="#{FootX &lt; mascot.environment.cursor.x-120}">
				<Pose Image="/shime9.png" ImageAnchor="69,128" Velocity="0,0" Duration="5" />
			</Animation>
			<Animation Condition="#{FootX &lt; mascot.environment.cursor.x-30}">
				<Pose Image="/shime7.png" ImageAnchor="69,128" Velocity="0,0" Duration="5" />
			</Animation>
			<Animation Condition="#{FootX &lt; mascot.environment.cursor.x-10}">
				<Pose Image="/shime5.png" ImageAnchor="69,128" Velocity="0,0" Duration="5" />
			</Animation>
			<Animation Condition="#{FootX &gt; mascot.environment.cursor.x-10 &amp;&amp; FootX &lt; mascot.environment.cursor.x+10}">
				<Pose Image="/shime5a.png" ImageAnchor="69,128" Velocity="0,0" Duration="5" />
			</Animation>
			<Animation Condition="#{FootX &lt; mascot.environment.cursor.x+30}">
				<Pose Image="/shime6.png" ImageAnchor="69,128" Velocity="0,0" Duration="5"/>
			</Animation>
			<Animation Condition="#{FootX &lt; mascot.environment.cursor.x+120}">
				<Pose Image="/shime8.png" ImageAnchor="69,128" Velocity="0,0" Duration="5" />
			</Animation>
			<Animation Condition="#{FootX &gt;= mascot.environment.cursor.x+30}">
				<Pose Image="/shime10.png" ImageAnchor="69,128" Velocity="0,0" Duration="5" />
			</Animation>
		</Action>
		<Action Name="Resisting" Type="Embedded" Class="com.group_finity.mascot.action.Regist">
			<Animation>
				<Pose Image="/shime5.png" ImageAnchor="64,128" Velocity="0,0" Duration="5" />
				<Pose Image="/shime6.png" ImageAnchor="64,128" Velocity="0,0" Duration="5" />
				<Pose Image="/shime5.png" ImageAnchor="64,128" Velocity="0,0" Duration="5" />
				<Pose Image="/shime6.png" ImageAnchor="64,128" Velocity="0,0" Duration="5" />
				<Pose Image="/shime5a.png" ImageAnchor="64,128" Velocity="0,0" Duration="50" />
				<Pose Image="/shime5.png" ImageAnchor="64,128" Velocity="0,0" Duration="5" />
				<Pose Image="/shime6.png" ImageAnchor="64,128" Velocity="0,0" Duration="5" />
				<Pose Image="/shime5.png" ImageAnchor="64,128" Velocity="0,0" Duration="5" />
				<Pose Image="/shime6.png" ImageAnchor="64,128" Velocity="0,0" Duration="5" />
				<Pose Image="/shime5.png" ImageAnchor="64,128" Velocity="0,0" Duration="5" />
				<Pose Image="/shime6.png" ImageAnchor="64,128" Velocity="0,0" Duration="5" />
				<Pose Image="/shime5.png" ImageAnchor="64,128" Velocity="0,0" Duration="5" />
				<Pose Image="/shime6.png" ImageAnchor="64,128" Velocity="0,0" Duration="5" />
				<Pose Image="/shime5a.png" ImageAnchor="64,128" Velocity="0,0" Duration="100" />
				<Pose Image="/shime5.png" ImageAnchor="64,128" Velocity="0,0" Duration="5" />
				<Pose Image="/shime6.png" ImageAnchor="64,128" Velocity="0,0" Duration="5" />
				<Pose Image="/shime5.png" ImageAnchor="64,128" Velocity="0,0" Duration="5" />
				<Pose Image="/shime6.png" ImageAnchor="64,128" Velocity="0,0" Duration="5" />
				<Pose Image="/shime5.png" ImageAnchor="64,128" Velocity="0,0" Duration="5" />
				<Pose Image="/shime6.png" ImageAnchor="64,128" Velocity="0,0" Duration="5" />
				<Pose Image="/shime5.png" ImageAnchor="64,128" Velocity="0,0" Duration="5" />
				<Pose Image="/shime6.png" ImageAnchor="64,128" Velocity="0,0" Duration="5" />
				<Pose Image="/shime5.png" ImageAnchor="64,128" Velocity="0,0" Duration="2" />
				<Pose Image="/shime6.png" ImageAnchor="64,128" Velocity="0,0" Duration="2" />
				<Pose Image="/shime5.png" ImageAnchor="64,128" Velocity="0,0" Duration="2" />
				<Pose Image="/shime6.png" ImageAnchor="64,128" Velocity="0,0" Duration="2" />
				<Pose Image="/shime5.png" ImageAnchor="64,128" Velocity="0,0" Duration="2" />
				<Pose Image="/shime6.png" ImageAnchor="64,128" Velocity="0,0" Duration="2" />
				<Pose Image="/shime5.png" ImageAnchor="64,128" Velocity="0,0" Duration="2" />
				<Pose Image="/shime6.png" ImageAnchor="64,128" Velocity="0,0" Duration="2" />
			</Animation>
		</Action>

	</ActionList>

	<!-- Actual Behavior -->
	<ActionList>

		<!-- ALWAYS REQUIRED -->
		<Action Name="Fall" Type="Sequence" Loop="false">
			<ActionReference Name="Falling"/>
			<Action Type="Select">
				<Action Type="Sequence" Condition="${mascot.environment.floor.isOn(mascot.anchor) ||
					mascot.environment.activeIE.topBorder.isOn(mascot.anchor) }">
					<ActionReference Name="Bouncing"/>
					<ActionReference Name="Stand" Duration="${100+Math.random()*100}" />
				</Action>
				<ActionReference Name="GrabWall" Duration="100" />
			</Action>
		</Action>

		<!-- ALWAYS REQUIRED -->
		<Action Name="Dragged" Type="Sequence" Loop="true">
			<ActionReference Name="Pinched"/>
			<ActionReference Name="Resisting" />
		</Action>

		<!-- ALWAYS REQUIRED -->
		<Action Name="Thrown" Type="Sequence" Loop="false">
			<ActionReference Name="Falling" InitialVX="${mascot.environment.cursor.dx}" InitialVY="${mascot.environment.cursor.dy}"/>
			<Action Type="Select">
				<Action Type="Sequence" Condition="${mascot.environment.floor.isOn(mascot.anchor) || mascot.environment.activeIE.topBorder.isOn(mascot.anchor) }">
					<ActionReference Name="Bouncing"/>
					<ActionReference Name="Stand" Duration="${5+Math.random()*10}" />
				</Action>
				<ActionReference Name="GrabWall" Duration="100" />
			</Action>
		</Action>

		<Action Name="StandUp" Type="Sequence" Loop="false">
			<ActionReference Name="Stand" Duration="${500+Math.random()*1000}" />
		</Action>
		
		<Action Name="Stance" Type="Sequence" Loop="false">
			<ActionReference Name="StandBlink" />
			<ActionReference Name="WideStance" />
			<ActionReference Name="WideStanceStand" Duration="${50+Math.random()*200}" />
			<ActionReference Name="WideStanceEnd" />
		</Action>
		
		<Action Name="NerdEmoji" Type="Sequence" Loop="false">
			<ActionReference Name="StandBlink" />
			<ActionReference Name="ErmActually" />
			<ActionReference Name="ErmActuallyStand" Duration="${20+Math.random()*30}" />
			<ActionReference Name="ErmActuallyEnd" />
		</Action>
		
		<Action Name="SmallDance" Type="Sequence" Loop="false">
			<ActionReference Name="Dance" Duration="${200+Math.random()*1000}" />
		</Action>
		
		<Action Name="BrandedPen" Type="Sequence" Loop="false">
			<ActionReference Name="PenShowOff" />
			<ActionReference Name="PenClicky" Duration="${36+Math.random()*72}" />
			<ActionReference Name="Oops" />
			<ActionReference Name="NoOneSawThatRight" />
		</Action>
		
		<Action Name="NoOneSawThatRight" Type="Sequence" Loop="false">
			<ActionReference Name="Shock" />
		</Action>
		
		<Action Name="CrabDance" Type="Sequence" Loop="false">
			<ActionReference Name="EldritchDance" Duration="${150+Math.random()*750}" />
		</Action>
		
		<Action Name="JComesBack" Type="Sequence" Loop="false">
			<ActionReference Name="CrabTransformBack" />
			<ActionReference Name="JStanding" Duration="${10+Math.random()*30}" />
			<ActionReference Name="JStandingLeftLook" Duration="${10+Math.random()*20}" />
			<ActionReference Name="JStandingRightLook" Duration="${10+Math.random()*20}" />
			<ActionReference Name="JStanding" Duration="${10+Math.random()*30}" />
			<ActionReference Name="OhWell" />
		</Action>
		
		<Action Name="ArmsCrossed" Type="Sequence" Loop="false">
			<ActionReference Name="StandBlink" />
			<ActionReference Name="StandCross" Duration="${50+Math.random()*200}" />
			<ActionReference Name="StandCrossBlink" />
		</Action>
		
		<Action Name="ArmsCrossed2" Type="Sequence" Loop="false">
			<ActionReference Name="StandCross" Duration="${50+Math.random()*200}" />
			<ActionReference Name="StandCrossBlink" />
		</Action>
		
		<Action Name="LookingAround" Type="Sequence" Loop="false">
			<ActionReference Name="StandBlink" />
			<ActionReference Name="StandLookingL" Duration="${10+Math.random()*50}" />
			<ActionReference Name="StandLookingR" Duration="${20+Math.random()*50}" />
			<ActionReference Name="StandLookingDR" Duration="${25+Math.random()*60}" />
			<ActionReference Name="StandCrossBlink" />
		</Action>
		
		<Action Name="LookingAround2" Type="Sequence" Loop="false">
			<ActionReference Name="StandLookingL" Duration="${10+Math.random()*50}" />
			<ActionReference Name="StandLookingR" Duration="${20+Math.random()*50}" />
			<ActionReference Name="StandLookingDR" Duration="${25+Math.random()*60}" />
			<ActionReference Name="StandCrossBlink" />
		</Action>

		<Action Name="SitDown" Type="Sequence" Loop="false">
			<ActionReference Name="Sit" Duration="${500+Math.random()*1000}" />
		</Action>
		
		<Action Name="SitBonk" Type="Sequence" Loop="false">
			<ActionReference Name="SitBoink" Duration="1" />
		</Action>
		
		<Action Name="StopThat" Type="Sequence" Loop="false">
			<ActionReference Name="SitWaveHand" />
			<ActionReference Name="SitAndBlink2" />
		</Action>
		
		<Action Name="ThisIsFine" Type="Sequence" Loop="false">
			<ActionReference Name="ThisIsFineYep" />
			<ActionReference Name="SitAndBlink" />
		</Action>
		
		<Action Name="Angry" Type="Sequence" Loop="false">
			<ActionReference Name="SitMad" Duration="${100+Math.random()*400}" />
			<ActionReference Name="SitAndBlink2" />
		</Action>
		
		<Action Name="Wtf" Type="Sequence" Loop="false">
			<ActionReference Name="SitLookAtYou" Duration="${30+Math.random()*50}" />
			<ActionReference Name="SitAndBlink2" />
		</Action>
		
		<Action Name="Ugh" Type="Sequence" Loop="false">
			<ActionReference Name="SitGlareLookAway" Duration="${100+Math.random()*400}" />
			<ActionReference Name="SitAndBlink" />
		</Action>
		
		<Action Name="SitAndWrite" Type="Sequence" Loop="false">
			<ActionReference Name="SitLookUpFromTrans" />
			<ActionReference Name="SitLookUpFrom" Duration="${25+Math.random()*100}" />
			<ActionReference Name="SitUpBlink" />
			<ActionReference Name="SitWriting" Duration="${100+Math.random()*100}" />
			<ActionReference Name="SitBlink" />
			<ActionReference Name="SitRead" Duration="${25+Math.random()*100}" />
			<ActionReference Name="SitBlink" />
			<ActionReference Name="SitWriting" Duration="${25+Math.random()*100}" />
			<ActionReference Name="SitWritingWag" Duration="${24+Math.random()*48}" />
			<ActionReference Name="SitBlink" />
			<ActionReference Name="SitLookUpFromTrans" />
			<ActionReference Name="SitLookUpFrom" Duration="${50+Math.random()*100}" />
			<ActionReference Name="SitUpBlink" />
			<ActionReference Name="SitWriting" Duration="${100+Math.random()*200}" />
			<ActionReference Name="SitBlink" />
			<ActionReference Name="SitReadThink" Duration="${25+Math.random()*100}" />
			<ActionReference Name="SitBlink" />
			<ActionReference Name="SitWriting" Duration="${100+Math.random()*100}" />
			<ActionReference Name="SitWritingWag" Duration="${24+Math.random()*96}" />
			<ActionReference Name="SitWriting" Duration="${50+Math.random()*100}" />
			<ActionReference Name="SitBlink" />
			<ActionReference Name="SitLookUpThinkTrans" />
			<ActionReference Name="SitLookUpThink" Duration="${50+Math.random()*50}" />
			<ActionReference Name="SitUpBlink" />
			<ActionReference Name="SitReadThink" Duration="${50+Math.random()*50}" />
			<ActionReference Name="SitBlink" />
			<ActionReference Name="SitWriting" Duration="${50+Math.random()*100}" />
			<ActionReference Name="SitBlink" />
		</Action>

		<Action Name="HoloSnakeCrabPause" Type="Sequence" Loop="false">
			<ActionReference Name="Sprawl" Duration="${5+Math.random()*20}" />
		</Action>
		
		<Action Name="HoloSnakeCrab" Type="Sequence" Loop="false">
			<ActionReference Name="Sprawl" Duration="${500+Math.random()*1000}" />
		</Action>

		<Action Name="HoldOntoWall" Type="Sequence" Loop="false">
			<ActionReference Name="GrabWall" Duration="${500+Math.random()*1000}" />
		</Action>

		<Action Name="FallFromWall" Type="Sequence" Loop="false">
			<ActionReference Name="Offset" X="${mascot.lookRight ? -1 : 1}" />
			<ActionReference Name="Look" />
			<ActionReference Name="Stand" />
		</Action>

		<Action Name="HoldOntoCeiling" Type="Sequence" Loop="false">
			<ActionReference Name="GrabCeiling" Duration="${500+Math.random()*1000}" />
		</Action>
		
		<Action Name="ClingOnCeiling" Type="Sequence" Loop="false">
			<ActionReference Name="ClingToCeiling" />
		</Action>
		
		<Action Name="HangOnCeiling" Type="Sequence" Loop="false">
			<ActionReference Name="HangFromCeiling" Duration="${50+Math.random()*200}" />
			<ActionReference Name="HangBlink" />
		</Action>
					
		<Action Name="WriteFromCeiling" Type="Sequence" Loop="false">
			<ActionReference Name="HangWriting" Duration="${36+Math.random()*214}" />
			<ActionReference Name="HangWritingBlink" />
		</Action>
		
		<Action Name="LookWritingOnCeiling" Type="Sequence" Loop="false">
			<ActionReference Name="HangLookingDown" Duration="${10+Math.random()*240}" />
			<ActionReference Name="HangLookingDownBlink" />
		</Action>
		
		<Action Name="ObserveFromCeiling" Type="Sequence" Loop="false">
			<ActionReference Name="HangLooking" Duration="${50+Math.random()*200}" />
			<ActionReference Name="HangLookingBlink" />
		</Action>

		<Action Name="FallFromCeiling" Type="Sequence" Loop="false">
			<ActionReference Name="Offset" Y="1" />
			<ActionReference Name="Stand" />
		</Action>

		<Action Name="WalkAlongWorkAreaFloor" Type="Sequence" Loop="false">
			<ActionReference Name="Walk" TargetX="${mascot.environment.workArea.left+64+Math.random()*(mascot.environment.workArea.width-128)}" />
		</Action>

		<Action Name="RunAlongWorkAreaFloor" Type="Sequence" Loop="false">
			<ActionReference Name="Run" TargetX="${mascot.environment.workArea.left+64+Math.random()*(mascot.environment.workArea.width-128)}" />
		</Action>

		<Action Name="CrawlAlongWorkAreaFloor" Type="Sequence" Loop="false">
			<ActionReference Name="Creep" TargetX="${mascot.environment.workArea.left+64+Math.random()*(mascot.environment.workArea.width-128)}" />
		</Action>

		<Action Name="WalkLeftAlongFloorAndSit" Type="Sequence" Loop="false">
			<ActionReference Name="Walk" TargetX="${mascot.environment.workArea.left+100+Math.random()*300}" />
			<ActionReference Name="Stand" Duration="${5+Math.random()*15}" />
			<ActionReference Name="Look" LookRight="true" />
			<ActionReference Name="Stand" Duration="${10+Math.random()*15}" />
			<ActionReference Name="Sit" Duration="${500+Math.random()*1000}" />
		</Action>

		<Action Name="WalkRightAlongFloorAndSit" Type="Sequence" Loop="false">
			<ActionReference Name="Walk" TargetX="${mascot.environment.workArea.right-100-Math.random()*300}" />
			<ActionReference Name="Stand" Duration="${5+Math.random()*15}" />
			<ActionReference Name="Look" LookRight="false" />
			<ActionReference Name="Stand" Duration="${10+Math.random()*15}" />
			<ActionReference Name="Sit" Duration="${500+Math.random()*1000}" />
		</Action>

		<Action Name="GrabWorkAreaBottomLeftWall" Type="Sequence" Loop="false">
			<ActionReference Name="Run" TargetX="#{mascot.environment.workArea.left}" />
			<ActionReference Name="ClimbWall" TargetY="#{mascot.environment.workArea.bottom-64}" />
		</Action>

		<Action Name="GrabWorkAreaBottomRightWall" Type="Sequence" Loop="false">
			<ActionReference Name="Run" TargetX="#{mascot.environment.workArea.right}" />
			<ActionReference Name="ClimbWall" TargetY="#{mascot.environment.workArea.bottom-64}" />
		</Action>

		<Action Name="WalkLeftAndSit" Type="Sequence" Loop="false">
			<ActionReference Name="Walk" TargetX="${mascot.environment.workArea.left+100+Math.random()*300}" />
			<ActionReference Name="Stand" Duration="${5+Math.random()*15}" />
			<ActionReference Name="Look" LookRight="true" />
			<ActionReference Name="Stand" Duration="${10+Math.random()*15}" />
			<ActionReference Name="Sit" Duration="${500+Math.random()*1000}" />
		</Action>

		<Action Name="WalkRightAndSit" Type="Sequence" Loop="false">
			<ActionReference Name="Walk" TargetX="${mascot.environment.workArea.right-100-Math.random()*300}" />
			<ActionReference Name="Stand" Duration="${5+Math.random()*15}" />
			<ActionReference Name="Look" LookRight="false" />
			<ActionReference Name="Stand" Duration="${10+Math.random()*15}" />
			<ActionReference Name="Sit" Duration="${500+Math.random()*1000}" />
		</Action>

		<Action Name="WalkAndGrabBottomLeftWall" Type="Sequence" Loop="false">
			<ActionReference Name="Walk" TargetX="#{mascot.environment.workArea.left}" />
			<ActionReference Name="ClimbWall" TargetY="#{mascot.environment.workArea.bottom-64}" />
		</Action>

		<Action Name="WalkAndGrabBottomRightWall" Type="Sequence" Loop="false">
			<ActionReference Name="Walk" TargetX="#{mascot.environment.workArea.right}" />
			<ActionReference Name="ClimbWall" TargetY="#{mascot.environment.workArea.bottom-64}" />
		</Action>

		<Action Name="JumpFromBottomOfIE" Type="Sequence" Loop="false">
			<ActionReference Name="Jumping" TargetX="${(mascot.anchor.x*3+mascot.environment.activeIE.left+Math.random()*mascot.environment.activeIE.width)/4}"
				 TargetY="${mascot.environment.activeIE.bottom}" />
			<ActionReference Name="GrabCeiling" Duration="${100+Math.random()*100}" />
		</Action>

		<Action Name="ClimbHalfwayAlongWall" Type="Sequence" Loop="false">
			<ActionReference Name="ClimbWall" TargetY="${mascot.environment.workArea.top+64 + Math.random()*(mascot.environment.workArea.height-128)}" />
		</Action>

		<Action Name="ClimbAlongWall" Type="Sequence" Loop="false">
			<ActionReference Name="ClimbWall" TargetY="#{mascot.environment.workArea.top+64}" />
			<ActionReference Name="Offset" Y="-64" />
			<ActionReference Name="Look" />
			<ActionReference Name="ClimbCeiling" TargetX="${mascot.lookRight ? mascot.environment.workArea.left+100+Math.random()*400 : mascot.environment.workArea.right-100-Math.random()*400}" />
		</Action>

		<Action Name="ClimbAlongCeiling" Type="Sequence" Loop="false">
			<ActionReference Name="ClimbCeiling" TargetX="${mascot.environment.workArea.left+64+Math.random()*(mascot.environment.workArea.width-128)}" />
		</Action>

		<Action Name="WalkAlongIECeiling" Type="Sequence" Loop="false">
			<ActionReference Name="Walk" TargetX="${mascot.environment.activeIE.left+64+Math.random()*(mascot.environment.activeIE.width-128)}" />
		</Action>

		<Action Name="RunAlongIECeiling" Type="Sequence" Loop="false">
			<ActionReference Name="Run" TargetX="${mascot.environment.activeIE.left+64+Math.random()*(mascot.environment.activeIE.width-128)}" />
		</Action>

		<Action Name="CrawlAlongIECeiling" Type="Sequence" Loop="false">
			<ActionReference Name="Creep" TargetX="${mascot.environment.activeIE.left+64+Math.random()*(mascot.environment.activeIE.width-128)}" />
		</Action>

		<Action Name="SitOnTheLeftEdgeOfIE" Type="Sequence" Loop="false">
			<ActionReference Name="Run" TargetX="${mascot.environment.activeIE.left+100+Math.random()*300}" />
			<ActionReference Name="Stand" Duration="${100+Math.random()*100}" />
			<ActionReference Name="Sit" Duration="${500+Math.random()*1000}" />
		</Action>

		<Action Name="SitOnTheRightEdgeOfIE" Type="Sequence" Loop="false">
			<ActionReference Name="Run" TargetX="${mascot.environment.activeIE.right-100-Math.random()*300}" />
			<ActionReference Name="Stand" Duration="${100+Math.random()*100}" />
			<ActionReference Name="Sit" Duration="${500+Math.random()*1000}" />
		</Action>

		<Action Name="JumpFromLeftEdgeOfIE" Type="Sequence" Loop="false">
			<ActionReference Name="Run" TargetX="${mascot.environment.activeIE.left+Math.random()*50}" />
			<ActionReference Name="Stand" Duration="${50+Math.random()*50}" />
			<ActionReference Name="Launching"/>
			<ActionReference Name="Falling" InitialVX="${-15-Math.random()*5}" InitialVY="${-20-Math.random()*5}"/>
			<ActionReference Name="Bouncing" />
		</Action>

		<Action Name="JumpFromRightEdgeOfIE" Type="Sequence" Loop="false">
			<ActionReference Name="Run" TargetX="${mascot.environment.activeIE.right-Math.random()*50}" />
			<ActionReference Name="Stand" Duration="${50+Math.random()*50}" />
			<ActionReference Name="Launching"/>
			<ActionReference Name="Falling" InitialVX="${15+Math.random()*5}" InitialVY="${-20-Math.random()*5}"/>
			<ActionReference Name="Bouncing" />
		</Action>

		<Action Name="WalkLeftAlongIEAndSit" Type="Sequence" Loop="false">
			<ActionReference Name="Walk" TargetX="${mascot.environment.activeIE.left+100+Math.random()*300}" />
			<ActionReference Name="Stand" Duration="${100+Math.random()*100}" />
			<ActionReference Name="Sit" Duration="${500+Math.random()*1000}" />
		</Action>

		<Action Name="WalkRightAlongIEAndSit" Type="Sequence" Loop="false">
			<ActionReference Name="Walk" TargetX="${mascot.environment.activeIE.right-100-Math.random()*300}" />
			<ActionReference Name="Stand" Duration="${100+Math.random()*100}" />
			<ActionReference Name="Sit" Duration="${500+Math.random()*1000}" />
		</Action>

		<Action Name="WalkLeftAlongIEAndJump" Type="Sequence" Loop="false">
			<ActionReference Name="Walk" TargetX="${mascot.environment.activeIE.left+Math.random()*50}" />
			<ActionReference Name="Launching"/>
			<ActionReference Name="Falling" InitialVX="${-15-Math.random()*5}" InitialVY="${-20-Math.random()*5}"/>
			<ActionReference Name="Bouncing" />
		</Action>

		<Action Name="WalkRightAlongIEAndJump" Type="Sequence" Loop="false">
			<ActionReference Name="Walk" TargetX="${mascot.environment.activeIE.right-Math.random()*50}" />
			<ActionReference Name="Launching"/>
			<ActionReference Name="Falling" InitialVX="${15+Math.random()*5}" InitialVY="${-20-Math.random()*5}"/>
			<ActionReference Name="Bouncing" />
		</Action>

		<Action Name="DashIeCeilingLeftEdgeFromJump" Type="Sequence" Loop="false">
			<ActionReference Name="Dash" TargetX="${mascot.environment.activeIE.left+Math.random()*20+20}" />
			<ActionReference Name="Launching"/>
			<ActionReference Name="Falling" InitialVX="${-5-Math.random()*2}" InitialVY="${-20-Math.random()*5}"/>
			<ActionReference Name="Bouncing" />
		</Action>

		<Action Name="DashIeCeilingRightEdgeFromJump" Type="Sequence" Loop="false">
			<ActionReference Name="Dash" TargetX="${mascot.environment.activeIE.right-Math.random()*20-20}" />
			<ActionReference Name="Launching"/>
			<ActionReference Name="Falling" InitialVX="${5+Math.random()*2}" InitialVY="${-20-Math.random()*5}"/>
			<ActionReference Name="Bouncing" />
		</Action>

		<Action Name="HoldOntoIEWall" Type="Sequence" Loop="false">
			<ActionReference Name="ClimbWall" TargetY="${mascot.environment.activeIE.top+64 + Math.random()*(mascot.environment.activeIE.height-128)}" />
		</Action>

		<Action Name="ClimbIEWall" Type="Sequence" Loop="false">
			<ActionReference Name="ClimbWall" TargetY="#{mascot.environment.activeIE.top+64}" />
			<ActionReference Name="Offset" Y="-64" />
			<ActionReference Name="Sit" Duration="5" />
			<ActionReference Name="Stand" Duration="${10+Math.random()*10}" />
			<ActionReference Name="Walk" TargetX="${mascot.lookRight ? mascot.environment.activeIE.left+Math.random()*100 : mascot.environment.activeIE.right-Math.random()*100}" />
		</Action>

		<Action Name="ClimbIEBottom" Type="Sequence" Loop="false">
			<ActionReference Name="ClimbCeiling" TargetX="${mascot.environment.activeIE.left+64+(Math.random()*mascot.environment.activeIE.width-128)}" />
		</Action>

		<Action Name="GrabIEBottomLeftWall" Type="Sequence" Loop="false">
			<ActionReference Name="ClimbCeiling" TargetX="#{mascot.environment.activeIE.left}" />
			<ActionReference Name="Look" />
			<ActionReference Name="ClimbWall" TargetY="#{mascot.environment.activeIE.bottom-64}" />
		</Action>

		<Action Name="GrabIEBottomRightWall" Type="Sequence" Loop="false">
			<ActionReference Name="ClimbCeiling" TargetX="#{mascot.environment.activeIE.right}" />
			<ActionReference Name="Look" />
			<ActionReference Name="ClimbWall" TargetY="#{mascot.environment.activeIE.bottom-64}" />
		</Action>

		<Action Name="JumpFromLeftWall" Type="Sequence" Loop="false">
			<ActionReference Name="Jumping" TargetX="${mascot.environment.workArea.left}" TargetY="${mascot.environment.workArea.bottom-Math.random()*mascot.environment.workArea.height/4}" />
			<ActionReference Name="GrabWall" Duration="${100+Math.random()*100}" />
		</Action>

		<Action Name="JumpFromRightWall" Type="Sequence" Loop="false">
			<ActionReference Name="Jumping" TargetX="${mascot.environment.workArea.right}" TargetY="${mascot.environment.workArea.bottom-Math.random()*mascot.environment.workArea.height/4}" />
			<ActionReference Name="GrabWall" Duration="${100+Math.random()*100}" />
		</Action>

		<Action Name="JumpOnIELeftWall" Type="Sequence" Loop="false">
			<ActionReference Name="Jumping" TargetX="${mascot.environment.activeIE.left}" TargetY="${mascot.environment.activeIE.bottom-Math.random()*mascot.environment.activeIE.height/4}" />
			<ActionReference Name="GrabWall" Duration="${100+Math.random()*100}" />
		</Action>

		<Action Name="JumpOnIERightWall" Type="Sequence" Loop="false">
			<ActionReference Name="Jumping" TargetX="${mascot.environment.activeIE.right}" TargetY="${mascot.environment.activeIE.bottom-Math.random()*mascot.environment.activeIE.height/4}" />
			<ActionReference Name="GrabWall" Duration="${100+Math.random()*100}" />
		</Action>

		<Action Name="ThrowIEFromLeft" Type="Sequence" Loop="false">
			<ActionReference Name="NoticeIe" />
			<ActionReference Name="NerdEmoji" Condition="${Math.random() &lt; 0.05}" />
			<ActionReference Name="Jumping" TargetX="${mascot.environment.activeIE.left+7}" TargetY="${mascot.environment.activeIE.bottom+31}" />
			<ActionReference Name="FallWithIe" />
			<ActionReference Name="RunWithIe" TargetX="#{mascot.environment.workArea.right-400}" />
			<ActionReference Name="ThrowIe" />
			<ActionReference Name="ThrowIePause"/>
			<ActionReference Name="Look" />
			<ActionReference Name="Stand" Duration="${50+Math.random()*50}" />
		</Action>
		<Action Name="ThrowIEFromRight" Type="Sequence" Loop="false">
			<ActionReference Name="NoticeIe" />
			<ActionReference Name="NerdEmoji" Condition="${Math.random() &lt; 0.05}" />
			<ActionReference Name="Jumping" TargetX="${mascot.environment.activeIE.right-7}" TargetY="${mascot.environment.activeIE.bottom+31}" />
			<ActionReference Name="FallWithIe" />
			<ActionReference Name="RunWithIe" TargetX="#{mascot.environment.workArea.left+400}" />
			<ActionReference Name="ThrowIe" />
			<ActionReference Name="ThrowIePause"/>
			<ActionReference Name="Look" />
			<ActionReference Name="Stand" Duration="${50+Math.random()*50}" />
		</Action>
		<Action Name="WalkAndThrowIEFromRight" Type="Sequence" Loop="false">
			<ActionReference Name="NoticeIe" />
			<ActionReference Name="NerdEmoji" Condition="${Math.random() &lt; 0.05}" />
			<ActionReference Name="Jumping" TargetX="${mascot.environment.activeIE.right-7}" TargetY="${mascot.environment.activeIE.bottom+31}" />
			<ActionReference Name="FallWithIe" />
			<ActionReference Name="WalkWithIe" TargetX="#{mascot.environment.workArea.left+400}" />
			<ActionReference Name="ThrowIe" />
			<ActionReference Name="ThrowIePause"/>
			<ActionReference Name="Look" />
			<ActionReference Name="Stand" Duration="${50+Math.random()*50}" />
		</Action>
		<Action Name="WalkAndThrowIEFromLeft" Type="Sequence" Loop="false">
			<ActionReference Name="NoticeIe" />
			<ActionReference Name="NerdEmoji" Condition="${Math.random() &lt; 0.05}" />
			<ActionReference Name="Jumping" TargetX="${mascot.environment.activeIE.left+7}" TargetY="${mascot.environment.activeIE.bottom+31}" />
			<ActionReference Name="FallWithIe" />
			<ActionReference Name="WalkWithIe" TargetX="#{mascot.environment.workArea.right-400}" />
			<ActionReference Name="ThrowIe" />
			<ActionReference Name="ThrowIePause"/>
			<ActionReference Name="Look" />
			<ActionReference Name="Stand" Duration="${50+Math.random()*50}" />
		</Action>

		<Action Name="ChaseMouse" Type="Sequence" Loop="false">
			<Action Type="Sequence" Condition="${mascot.environment.ceiling.isOn(mascot.anchor) || mascot.environment.activeIE.bottomBorder.isOn(mascot.anchor)}">
				<ActionReference Name="Offset" Y="1" />
				<ActionReference Name="Falling"/>
				<ActionReference Name="Bouncing" />
			</Action>
			<Action Type="Sequence" Condition="${mascot.environment.workArea.leftBorder.isOn(mascot.anchor) || mascot.environment.activeIE.rightBorder.isOn(mascot.anchor)}">
				<ActionReference Name="Offset" X="1" />
				<ActionReference Name="Falling"/>
				<ActionReference Name="Bouncing" />
			</Action>
			<Action Type="Sequence" Condition="${mascot.environment.workArea.rightBorder.isOn(mascot.anchor) || mascot.environment.activeIE.leftBorder.isOn(mascot.anchor)}">
				<ActionReference Name="Offset" X="-1" />
				<ActionReference Name="Falling"/>
				<ActionReference Name="Bouncing" />
			</Action>
			<Action Type="Select">
				<ActionReference Name="DashIeCeilingLeftEdgeFromJump"
					Condition="${mascot.environment.activeIE.topBorder.isOn(mascot.anchor) &amp;&amp;
					mascot.anchor.x &lt; (mascot.environment.activeIE.left+mascot.environment.activeIE.right)/2}"/>
				<ActionReference Name="DashIeCeilingRightEdgeFromJump"
					Condition="${mascot.environment.activeIE.topBorder.isOn(mascot.anchor) &amp;&amp;
					mascot.anchor.x &gt;= (mascot.environment.activeIE.left+mascot.environment.activeIE.right)/2}" />
			</Action>
			
			<Action Type="Sequence" Condition="${Math.random() &lt; 0.9}">
				<ActionReference Name="Dash" TargetX="#{mascot.environment.cursor.x+Gap}"
				Gap="${ mascot.anchor.x &lt; mascot.environment.cursor.x ?
					-Math.min( mascot.environment.cursor.x-mascot.anchor.x, Math.random()*200) :
					Math.min( mascot.anchor.x-mascot.environment.cursor.x, Math.random()*200 ) }" />
			<ActionReference Name="Look" LookRight="${mascot.anchor.x &lt; mascot.environment.cursor.x}" />
			</Action>
			<ActionReference Name="Tripping" />
		</Action>

		<Action Name="SitAndFaceMouse" Type="Sequence" Loop="false">
			<ActionReference Name="SitAndLookAtMouse" Duration="${100+Math.random()*100}" />
		</Action>
		
		<Action Name="SitAndSpinHead" Type="Sequence" Loop="false">
			<ActionReference Name="SitAndSpinHeadAction" />
			<ActionReference Name="SitAndSpin" Duration="${5+Math.random()*10}" />
			<ActionReference Name="SitAndEndSpin" />
		</Action>

		<Action Name="PullUpShimeji1" Type="Embedded" Class="com.group_finity.mascot.action.Breed"
			BornX="-108" BornY="-64" BornBehavior="SpawnPod" BornMascot="Serial Designation J\Pod">
			<Animation>
				<Pose Image="/shime38.png" ImageAnchor="64,128" Velocity="0,0" Duration="3" />
				<Pose Image="/shime39.png" ImageAnchor="64,128" Velocity="0,0" Duration="4" />
				<Pose Image="/shime40.png" ImageAnchor="64,128" Velocity="0,0" Duration="10" />
			</Animation>
		</Action>
		<Action Name="PullUpShimejiMoveBack" Type="Animate">
			<Animation>
				<Pose Image="/shime41.png" ImageAnchor="64,128" Velocity="1,0" Duration="5" />
				<Pose Image="/shime41a.png" ImageAnchor="64,128" Velocity="2,0" Duration="4" />
				<Pose Image="/shime41b.png" ImageAnchor="64,128" Velocity="2,0" Duration="3" />
				<Pose Image="/shime41c.png" ImageAnchor="64,128" Velocity="2,0" Duration="3" />
				<Pose Image="/shime41d.png" ImageAnchor="64,128" Velocity="1,0" Duration="4" />
				<Pose Image="/shime41e.png" ImageAnchor="64,128" Velocity="0,0" Duration="10" />
				<Pose Image="/shime41f.png" ImageAnchor="64,128" Velocity="0,0" Duration="3" />
			</Animation>
		</Action>
		<Action Name="PullUpShimeji" Type="Sequence">
			<ActionReference Name="PullUpShimeji1" />
			<ActionReference Name="PullUpShimejiMoveBack" />
		</Action>

		<Action Name="PullUp" Type="Sequence">
			<ActionReference Name="Falling" InitialVX="${mascot.lookRight ? 15 : -15}" InitialVY="-30"/>
			<ActionReference Name="Bouncing" />
			<ActionReference Name="Stand" Duration="5"/>
			<ActionReference Name="LookingAround" />
		</Action>
		<Action Name="Divide1" Type="Embedded" Class="com.group_finity.mascot.action.Breed"
			BornX="-16" BornY="0" BornBehavior="Divided">
			<Animation>
				<Pose Image="/shime42.png" ImageAnchor="64,128" Velocity="0,0" Duration="3" />
				<Pose Image="/shime43.png" ImageAnchor="64,128" Velocity="0,0" Duration="4" />
				<Pose Image="/shime44.png" ImageAnchor="64,128" Velocity="0,0" Duration="5" />
				<Pose Image="/shime45.png" ImageAnchor="64,128" Velocity="0,0" Duration="3" />
				<Pose Image="/shime46.png" ImageAnchor="64,128" Velocity="0,0" Duration="3" />
				<Pose Image="/shime46a.png" ImageAnchor="64,128" Velocity="0,0" Duration="3" />
				<Pose Image="/shime46b.png" ImageAnchor="64,128" Velocity="0,0" Duration="3" />
				<Pose Image="/shime46c.png" ImageAnchor="64,128" Velocity="0,0" Duration="4" />
			</Animation>
		</Action>
		<Action Name="SplitIntoTwo" Type="Sequence">
			<ActionReference Name="Divide1" />
			<ActionReference Name="Offset" X="16" />
			<ActionReference Name="Look" />
			<ActionReference Name="Divided" />
		</Action>
		<Action Name="Divided" Type="Sequence">
			<ActionReference Name="Falling" InitialVX="${mascot.lookRight ? 10 : -10}" InitialVY="-5"/>
		</Action>
		
		<Action Name="Launching" Type="Animate">
			<Animation>
				<Pose Image="/shime22.png" ImageAnchor="32,128" Velocity="-20,-20" Duration="1" />
				<Pose Image="/shime22.png" ImageAnchor="32,128" Velocity="-20,-10" Duration="1" />
				<Pose Image="/shime22.png" ImageAnchor="32,128" Velocity="-20,-5" Duration="1" />
			</Animation>
		</Action>
	</ActionList>

</Mascot>
